-- phpMyAdmin SQL Dump
-- version 5.2.1
-- https://www.phpmyadmin.net/
--
-- Servidor: 127.0.0.1
-- Tiempo de generación: 11-11-2023 a las 00:07:18
-- Versión del servidor: 10.4.28-MariaDB
-- Versión de PHP: 8.2.4

SET SQL_MODE = "NO_AUTO_VALUE_ON_ZERO";
START TRANSACTION;
SET time_zone = "+00:00";


/*!40101 SET @OLD_CHARACTER_SET_CLIENT=@@CHARACTER_SET_CLIENT */;
/*!40101 SET @OLD_CHARACTER_SET_RESULTS=@@CHARACTER_SET_RESULTS */;
/*!40101 SET @OLD_COLLATION_CONNECTION=@@COLLATION_CONNECTION */;
/*!40101 SET NAMES utf8mb4 */;

--
-- Base de datos: `web2_tpe`
--

-- --------------------------------------------------------

--
-- Estructura de tabla para la tabla `cancion`
--

CREATE TABLE `cancion` (
  `id_cancion` int(11) NOT NULL COMMENT 'Identificador de la canción',
  `titulo` varchar(70) NOT NULL COMMENT 'Título de la canción',
  `artista` varchar(255) NOT NULL COMMENT 'Nombre del artista o grupo musical',
  `letra` text NOT NULL COMMENT 'Letra de la canción',
  `duracion` varchar(11) NOT NULL COMMENT 'Duración de la canción (en minutos)',
  `id_genero` int(11) NOT NULL COMMENT 'Género musical de la canción'
) ENGINE=InnoDB DEFAULT CHARSET=utf8mb4 COLLATE=utf8mb4_general_ci;

--
-- Volcado de datos para la tabla `cancion`
--

INSERT INTO `cancion` (`id_cancion`, `titulo`, `artista`, `letra`, `duracion`, `id_genero`) VALUES
(1, 'Baila Morena', 'Ozuna', 'Prueba', '1:50', 1),
(2, '  Dakiti', '  Bad Bunny y Jhay Cortez', 'Baby, ya yo me enteré, se nota cuando me ve\'\r\nAhí donde no has llegao\' sabes que yo te llevaré\r\nY dime qué quieres beber, es que tú eres mi bebé\r\n¿Y de nosotros quién va a hablar? Si no nos dejamos ver\r\nY a veces es Dolce, a veces Bulgari\r\nCuando te lo quito después de los parties\r\nLas copas de vino, las libras de mari\r\nTú estás bien suelta, yo de safari\r\nTú mueve\' el culo fenomenal\r\nPa\' yo devorarte como animal\r\nSi no te has vení\'o, yo te vo\' a esperar\r\nEn mi cama y lo vo\' a celebrar\r\nBaby, a ti no me opongo\r\nY siempre te lo pongo\r\nY si tú me tiras, vamo\' a nadar en lo hondo\r\nSi es por mí te lo pongo\r\nDe septiembre hasta agosto\r\nA mí sin cojone\' lo que digan tus amigas\r\nYa yo me enteré, se nota cuando me ve\'\r\nAhí donde no has llegao\' sabes que yo te llevaré\r\nY dime qué quieres beber, es que tú eres mi bebé\r\n¿Y de nosotros quién va a hablar? Si no nos dejamos ver (¿me sigues?)\r\nMami, me tienes juqueao\', sí\r\nSi fueras la Uru, me tuvieses parqueao\'\r\nDando vueltas por Condado, contigo siempre arrebatao\'\r\nTú no eres mi señora, pero\r\nToma cinco mil, gástalo en Sephora\r\nLouis Vuitton, ya no compra en Pandora\r\nComo piercing a los hombres perfora, eh-eh-eh\r\nHace tiempo le rompieron el cora (el cora)\r\nEstudiosa, puesta pa\' ser doctora (doctora)\r\nPero (pero), le gustan los títeres wheeleando motoras (motoras)\r\nYo estoy pa\' ti las veinticuatro hora\'\r\nBaby, a ti no me opongo\r\nY siempre te lo pongo (-pre te lo pongo)\r\nY si tú me tiras, vamo\' a nadar en lo hondo (nadar en lo hondo)\r\nSi es por mí te lo pongo\r\nDe septiembre hasta agosto\r\nY a mí sin cojone\' lo que digan tus amigas\r\nYa yo me enteré, se nota cuando me ve\'\r\nAhí donde no has llegao\' sabes que yo te llevaré\r\nY dime qué quieres beber, es que tú eres mi bebé\r\n¿Y de nosotros quién va a hablar? Si no nos dejamos ver\r\nY a veces es Dolce, a veces Bulgari\r\nCuando te lo quito después de los parties\r\nLas copas de vino, las libras de mari\r\nTú estás bien suelta, yo de safari\r\nTú mueve\' el culo fenomenal\r\nPa\' yo devorarte como animal\r\nSi no te has vení\'o, yo te vo\' a esperar\r\nEn mi cama y lo vo\' a celebrar', '3:34', 7),
(3, 'Hawai ', 'Maluma', 'Deja de mentirte (ah)\r\nLa foto que subiste con él diciendo que era tu cielo\r\nBebé, yo te conozco tan bien, sé que fue pa\' darme celos\r\nNo te diré quién, pero llorando por mí te vieron\r\nPor mí te vieron\r\nDéjame decirte\r\nSe ve que él te trata bien, que es todo un caballero\r\nPero eso no cambiará que yo llegué primero\r\nSé que te va ir bien pero no te quiere como yo te quiero\r\nPuede que no te haga falta na\', aparentemente na\'\r\nHawái de vacaciones, mis felicitaciones\r\nMuy lindo en Instagram lo que posteas\r\nPa\' que yo vea cómo te va, pa\' que yo vea\r\nPuede que no te haga falta na\', aparentemente na\'\r\nHawái de vacaciones, mis felicitaciones\r\nMuy lindo en Instagram lo que posteas\r\nPa\' que yo vea como te va de bien, pero te haces mal\r\nPorque el amor no se compra na\'\r\nMiéntele a todos tus seguidore\'\r\nDile que los tiempo\' de ahora son mejore\'\r\nNo creo que cuando te llame me ignores\r\nSi después de mí ya no habrán más amores\r\nTú y yo fuimo\' uno\r\nLo hacíamo\' en ayuna\' antes del desayuno\r\nFumábamo\' la hookah y te pasaba el humo\r\nY ahora en esta guerra no gana ninguno\r\nSi me preguntas, nadie tiene culpa\r\nA vece\' los problemas a uno se le juntan\r\nDéjame hablar, porfa, no me interrumpas\r\nSi te hice algo malo, entonces discúlpame\r\nLa gente te lo va a creer, actúas bien ese papel\r\nBaby, pero no eres feliz con él\r\nPuede que no te haga falta na\', aparentemente na\'\r\nHawái de vacaciones, mis felicitaciones\r\nMuy lindo en Instagram lo que posteas\r\nPa\' que yo vea cómo te va, pa\' que yo vea\r\nPuede que no te haga falta na\', aparentemente na\'\r\nHawái de vacaciones, mis felicitaciones\r\nMuy lindo en Instagram lo que posteas\r\nPa\' que yo vea como te va de bien, pero te haces mal\r\nPorque el amor no se compra na\'\r\n(Deja de mentirte\r\nLa foto que subiste con él diciendo que era tu cielo)\r\nMamacita\r\n(Bebé, yo te conozco tan bien, sé que fue pa\' darme celos)\r\nMaluma, baby\r\n(No te diré quién, pero llorando por mí te vieron)\r\nJaja\r\n(Por mí te vieron)\r\nPapi Juancho', '4:19', 7),
(4, 'Favorito', 'Camilo', 'Camilo, yeah\r\nNo sé si te lo han dicho antes\r\nPero después de haber comido en tantos restaurantes (hmm)\r\nLo más caro, más rico, más fino y más elegante (yeh)\r\nDespués de viajar por los sitios más extravagantes\r\nDescubrí (yeh)\r\nQue tu cuerpo es mi lugar favorito\r\nY tu boca mi comida favorita\r\nPorque tú eres lo que yo necesito\r\nPorque yo soy lo que tú necesitas\r\nQue tu cuerpo es mi lugar favorito\r\nY tu boca mi comida favorita\r\nPorque tú eres lo que yo necesito\r\nPorque yo soy lo que tú necesitas\r\nTú eres lo que yo, tú eres lo que yo necesito\r\n(Tú eres lo que yo necesito)\r\nY yo soy lo que tú, yo soy lo que tú necesitas\r\nPorque tú eres lo que yo, tú eres lo que yo necesito\r\n(Nadie como yo pa\' ti)\r\nY yo soy lo que tú, yo soy lo que tú necesitas\r\nTú eres perfecta (perfecta)\r\nSin el 90-60-90\r\nDespués del mundo yo darle la vuelta\r\nTe tenía al lado y no me había dao\' cuenta\r\nQue tú eres perfecta\r\nY quiero que me veas como yo te veo\r\nCuando me vea guapo y cuando me vea feo\r\nQuiero que me quieras como yo te quiero\r\nComo yo te quiero, como yo te quiero\r\nQuiero que exageres como yo exagero\r\nY no te me rías porque esto es en serio\r\nQuiero que me quieras como yo te quiero\r\nComo yo te quiero, como yo te quiero (hmm)\r\nQue tu cuerpo es mi lugar favorito\r\nY tu boca mi comida favorita (ay esa tuya)\r\nPorque tú eres lo que yo necesito\r\nPorque yo soy lo que tú necesitas\r\nQue tu cuerpo es mi lugar favorito\r\nY tu boca mi comida favorita\r\nPorque tú eres lo que yo necesito\r\nPorque yo soy lo que tú necesitas\r\nTú eres lo que yo, tú eres lo que yo necesito (tú eres lo que yo necesito)\r\nY yo soy lo que tú, yo soy lo que tú necesitas (tú eres lo que yo necesito)\r\nPorque tú eres lo que yo, tú eres lo que yo necesito (naranana-narananana)\r\nY yo soy lo que tú, yo soy lo que tú necesitas\r\nDespués de viajar por los sitios más extravagantes\r\nDescubrí, yeh (¿qué cosa?)\r\nDescubrí, yeh (¿qué cosa, eh?)\r\nQue tu cuerpo es mi lugar favorito\r\nY tu boca mi comida favorita (ay esa tuya)\r\nPorque tú eres lo que yo necesito\r\nPorque yo soy lo que tú necesitas\r\nQue tu cuerpo es mi lugar favorito\r\nY tu boca mi comida favorita\r\nPorque tú eres lo que yo necesito\r\nPorque yo soy lo que tú necesitas (nada más)\r\nTú eres lo que yo, tú eres lo que yo necesito (tú eres lo que yo necesito)\r\nYo soy lo que tú, yo soy lo que tú necesitas\r\nPorque tú eres lo que yo, tú eres lo que yo necesito (naranana-narananana)\r\nYo soy lo que tú, yo soy lo que tú necesitas', '3:31', 7),
(5, 'Tusa', 'Karol G y Nicki Minaj', '¿Qué pasó contigo?l\r\nDímelo, rrr\r\nO-O-Ovy On The Drums (mmh)\r\nYa no tiene excusa (no)\r\nHoy salió con su amiga (ah), dizque pa matar la tusa (la tusa)\r\nQue porque un hombre le pagó mal (ah)\r\nEstá dura y abusa (eh)\r\nSe cansó de ser buena, ahora es ella quien los usa (oh-oh)\r\nQue porque un hombre le pagó mal (mal)\r\nYa no se le ve sentimental (-tal)\r\nDice que por otro man no llora (llora), no\r\nPero si le ponen la canción (ah)\r\nLe da una depresión tonta\r\nLlorando, lo comienza a llamar\r\nPero él la dejó en buzón (-zón)\r\nSerá porque con otra está (con otra está)\r\nFingiendo que a otra se puede amar\r\nPero hice todo este llanto por nada\r\nAhora soy una chica mala\r\nAnd now you kicking and screaming, a big toddler\r\nDon\'t try to get your friends to come holler, holler\r\nAyy-yo, I used to lay low\r\nI wasn\'t in the clubs, I was on my JO (wuh)\r\nUntil I realized you a epic fail, yo\r\nSo don\'t tell your guys that I\'m still your bae, yo\r\n\'Cause it\'s a new day, I\'m in a new place (uh-huh)\r\nGetting some new D, sitting on a new face (okay)\r\n\'Cause I know I\'m the baddest bitch you ever really met (ooh)\r\nYou searching for a badder bitch, and you ain\'t met her yet (ooh)\r\nAyy-yo, tell \'em to back off, he wanna slack off\r\nAin\'t no more booty calls, you gotta jack off\r\nIt\'s me and KAROL G, we let them rats talk\r\nDon\'t run up on us \'cause they letting the macks off (rrr)\r\nPero si le ponen la canción (ah)\r\nLe da una depresión tonta (tonta)\r\nLlorando, lo comienza a llamar\r\nPero él la dejó en buzón (no)\r\nSerá porque con otra está (con otra está)\r\nFingiendo que a otra se puede amar, eh-uh\r\nUn-un shot pa la pena profunda (eh)\r\nY seguimo\' gastando la funda (la funda)\r\nOtro shot pa la mente (yeah, yeah)\r\nPa que el recuerdo no la atormente (ah; oh)\r\nYa no le copia nada\r\nSu ex ya no vale nada\r\nSe va pa la disco y solo quiere perrear (perrear)\r\nPero se confunde cuando empieza a tomar (tomar)\r\nElla se cura con rumba (ah)\r\nY el amor pa la tumba (eh)\r\nTo\' los hombre\' le zumban (le zumban)\r\nPero si le ponen la canción (oh)\r\nLe da una depresión tonta (tonta)\r\nLlorando, lo comienza a llamar\r\nPero él la dejó en buzón (oh)\r\nSerá porque con otra está (con otra está)\r\nFingiendo que a otra se puede amar\r\nHey, KAROL G (ah; KAROL G)\r\nNicki Minaj (ah, ajá), hey\r\nThe Queen with The Queen (ah)\r\nO-O-Ovy On The Drums', '3:24', 7),
(6, 'Imagine', 'John Lennon', 'Imagine there\'s no heaven\r\nIt\'s easy if you try\r\nNo hell below us\r\nAbove us, only sky\r\nImagine all the people\r\nLivin\' for today\r\nAh\r\nImagine there\'s no countries\r\nIt isn\'t hard to do\r\nNothing to kill or die for\r\nAnd no religion, too\r\nImagine all the people\r\nLivin\' life in peace\r\nYou\r\nYou may say I\'m a dreamer\r\nBut I\'m not the only one\r\nI hope someday you\'ll join us\r\nAnd the world will be as one\r\nImagine no possessions\r\nI wonder if you can\r\nNo need for greed or hunger\r\nA brotherhood of man\r\nImagine all the people\r\nSharing all the world\r\nYou\r\nYou may say I\'m a dreamer\r\nBut I\'m not the only one\r\nI hope someday you\'ll join us\r\nAnd the world will live as one', '3:54', 1),
(7, 'Nada Personal', 'Soda Stereo', 'Comunicación sin emoción\r\nUna voz en off con expresión deforme\r\nBusco algo que me saque este mareo\r\nBusco calor en esa imagen de video\r\nNada (oh-oh-oh)\r\nNada personal (oh-oh-oh)\r\nNada (oh-oh-oh)\r\nNada personal\r\nElla no puede pensar, está aburrida\r\nDe tanto simular cayó dormida\r\nBusco en TV, algún mensaje entre líneas\r\nBusco alguien que sacuda mi cabeza\r\nY no encuentro nada\r\nNada (oh-oh-oh)\r\nNada personal (oh-oh-oh)\r\nNada (oh-oh-oh)\r\nNada personal\r\nNada especial\r\nSinceramente\r\nSería tan bueno tocarte\r\nPero es inútil\r\nTu cuerpo es de látex\r\nY no siento nada\r\nNada (oh-oh-oh)\r\nNada personal (oh-oh-oh)\r\nNada (oh-oh-oh)\r\nNada personal\r\nNada (oh-oh-oh)\r\nNada personal (oh-oh-oh)\r\nNada (oh-oh-oh)\r\nNada personal\r\nNada especial\r\nNada\r\nNada personal\r\nNada (oh-oh-oh)\r\nNada\r\nNada\r\nNada personal (oh-oh-oh)\r\n(Oh-oh-oh)\r\n(Oh-oh-oh)\r\nNada\r\nNada\r\nNada personal\r\nNada especial', '4:55', 1),
(8, 'Livin\' on a  Prayer ', 'Bon Jovi', 'Once upon a time, not so long ago\r\nTommy used to work on the docks, union\'s been on strike\r\nHe\'s down on his luck, it\'s tough, so tough\r\nGina works the diner all day, working for her man\r\nShe brings home her pay, for love, mmm, for love\r\nShe says, \"We\'ve gotta hold on to what we\'ve got\r\nIt doesn\'t make a difference if we make it or not\r\nWe\'ve got each other and that\'s a lot for love\r\nWe\'ll give it a shot\"\r\nWhoa, we\'re half way there\r\nWhoa oh, livin\' on a prayer\r\nTake my hand, we\'ll make it, I swear\r\nWhoa oh, livin\' on a prayer\r\nTommy\'s got his six string in hock, now he\'s holding in\r\nWhen he used to make it talk so tough, ooh, it\'s tough\r\nGina dreams of running away\r\nWhen she cries in the night, Tommy whispers\r\n\"Baby, it\'s okay, someday\"\r\nWe\'ve gotta hold on to what we\'ve got\r\nIt doesn\'t make a difference if we make it or not\r\nWe\'ve got each other and that\'s a lot for love\r\nWe\'ll give it a shot\r\nWhoa, we\'re half way there\r\nWhoa oh, livin\' on a prayer\r\nTake my hand, we\'ll make it I swear\r\nWhoa oh, livin\' on a prayer\r\nLivin\' on a prayer\r\nOh, we\'ve gotta hold on, ready or not\r\nYou live for the fight when that\'s all that you\'ve got\r\nWhoa, we\'re half way there\r\nWhoa oh, livin\' on a prayer\r\nTake my hand and we\'ll make it, I swear\r\nWhoa oh, livin\' on a prayer\r\nWhoa, we\'re half way there\r\nWhoa oh, livin\' on a prayer\r\nTake my hand and we\'ll make it, I swear\r\nWhoa oh, livin\' on a prayer\r\nWhoa, we\'re half way there\r\nWhoa oh, livin\' on a prayer\r\nTake my hand and we\'ll make it, I swear\r\nWhoa oh', '4:09', 1),
(9, 'Sweet Child o\' Mine', 'Guns N\' Roses', 'She\'s got a smile that it seems to me\r\nReminds me of childhood memories\r\nWhere everything was as fresh as the bright blue sky\r\nNow and then when I see her face\r\nShe takes me away to that special place\r\nAnd if I stare too long, I\'d probably break down and cry\r\nWhoa, oh, oh\r\nSweet child o\' mine\r\nWhoa, oh, oh, oh\r\nSweet love of mine\r\nShe\'s got eyes of the bluest skies\r\nAs if they thought of rain\r\nI\'d hate to look into those eyes and see an ounce of pain\r\nHer hair reminds me of a warm safe place\r\nWhere as a child I\'d hide\r\nAnd pray for the thunder and the rain to quietly pass me by\r\nWhoa, oh, oh\r\nSweet child o\' mine\r\nWhoa whoa, oh, oh, oh\r\nSweet love of mine\r\nWhoa, yeah\r\nWhoa, oh, oh, oh\r\nSweet child o\' mine\r\nWhoa, oh, whoa, oh\r\nSweet love of mine\r\nWhoa, oh, oh, oh\r\nSweet child o\' mine\r\nOoh, yeah\r\nOoh, sweet love of mine\r\nWhere do we go?\r\nWhere do we go now?\r\nWhere do we go?\r\nOoh, oh, where do we go?\r\nWhere do we go now?\r\nOh, where do we go now?\r\nWhere do we go? (Sweet child)\r\nWhere do we go now?\r\nAy, ay, ay, ay, ay, ay, ay, ay\r\nWhere do we go now?\r\nAh, ah\r\nWhere do we go?\r\nOh, where do we go now?\r\nOh, where do we go?\r\nOh, where do we go now?\r\nWhere do we go?\r\nOh, where do we go now?\r\nNow, now, now, now, now, now, now\r\nSweet child\r\nSweet child of mine', '5:03', 1),
(10, 'Mariposa Tecknicolor', 'Fito Páez ', 'Todas las mañanas que viví\r\nTodas las calles donde me escondí\r\nEl encantamiento de un amor\r\nEl sacrificio de mis madres\r\nLos zapatos de charol\r\nLos domingos en el club\r\nSalvo que Cristo sigue allí en la cruz\r\nLas columnas de la catedral y la tribuna\r\nGrita gol, el lunes por la capital\r\nTodos yiran y yiran\r\nTodos bajo el sol\r\nSe proyecta la vida\r\nMariposa tecknicolor\r\nCada vez que me miras\r\nCada sensación\r\nSe proyecta la vida\r\nMariposa tecknicolor\r\nVi sus caras de resignación\r\nLos vi felices llenos de dolor\r\nEllas cocinaban el arroz\r\nÉl levantaba sus principios\r\nDe sutil emperador\r\nTodo al fin se sucedió\r\nSolo que el tiempo no los esperó\r\nLa melancolía de morir en este mundo\r\nY de vivir sin una estúpida razón\r\nTodos yiran y yiran\r\nTodos bajo el sol\r\nSe proyecta la vida\r\nMariposa tecknicolor\r\nCada vez que me miras\r\nCada sensación\r\nSe proyecta la vida\r\nMariposa tecknicolor\r\nYo te conozco de antes\r\nDesde antes del ayer\r\nYo te conozco de antes\r\nCuando me fui, no me alejé\r\nLlevo la voz cantante\r\nLlevo la luz del tren\r\nLlevo un destino errante\r\nLlevo tus marcas en mi piel\r\nY hoy solo te vuelvo a ver\r\nY hoy solo te vuelvo a ver\r\nY hoy solo te vuelvo a ver', '3:44', 1),
(11, 'Blank Space', 'Taylor Swift', 'Nice to meet you, where you been?\r\nI could show you incredible things\r\nMagic, madness, heaven, sin\r\nSaw you there and I thought\r\n\"Oh, my God, look at that face\r\nYou look like my next mistake\r\nLove\'s a game, wanna play?\" Ay\r\nNew money, suit and tie\r\nI can read you like a magazine\r\nAin\'t it funny? Rumors fly\r\nAnd I know you heard about me\r\nSo hey, let\'s be friends\r\nI\'m dying to see how this one ends\r\nGrab your passport and my hand\r\nI can make the bad guys good for a weekend\r\nSo it\'s gonna be forever\r\nOr it\'s gonna go down in flames\r\nYou can tell me when it\'s over, mm\r\nIf the high was worth the pain\r\nGot a long list of ex-lovers\r\nThey\'ll tell you I\'m insane\r\n\'Cause you know I love the players\r\nAnd you love the game\r\n\'Cause we\'re young, and we\'re reckless\r\nWe\'ll take this way too far\r\nIt\'ll leave you breathless, mm\r\nOr with a nasty scar\r\nGot a long list of ex-lovers\r\nThey\'ll tell you I\'m insane\r\nBut I\'ve got a blank space, baby\r\nAnd I\'ll write your name\r\nCherry lips, crystal skies\r\nI could show you incredible things\r\nStolen kisses, pretty lies\r\nYou\'re the King, baby, I\'m your Queen\r\nFind out what you want\r\nBe that girl for a month\r\nWait, the worst is yet to come, oh, no\r\nScreaming, crying, perfect storms\r\nI can make all the tables turn\r\nRose garden filled with thorns\r\nKeep you second guessing like\r\n\"Oh, my God, who is she?\"\r\nI get drunk on jealousy\r\nBut you\'ll come back each time you leave\r\n\'Cause, darling, I\'m a nightmare dressed like a daydream\r\nSo it\'s gonna be forever\r\nOr it\'s gonna go down in flames\r\nYou can tell me when it\'s over, mm\r\nIf the high was worth the pain\r\nGot a long list of ex-lovers\r\nThey\'ll tell you I\'m insane\r\n\'Cause you know I love the players\r\nAnd you love the game\r\n\'Cause we\'re young, and we\'re reckless (oh)\r\nWe\'ll take this way too far\r\nIt\'ll leave you breathless, mm (oh)\r\nOr with a nasty scar\r\nGot a long list of ex-lovers\r\nThey\'ll tell you I\'m insane (insane)\r\nBut I\'ve got a blank space, baby\r\nAnd I\'ll write your name\r\nBoys only want love if it\'s torture\r\nDon\'t say I didn\'t, say I didn\'t warn ya\r\nBoys only want love if it\'s torture\r\nDon\'t say I didn\'t, say I didn\'t warn ya\r\nSo it\'s gonna be forever\r\nOr it\'s gonna go down in flames\r\nYou can tell me when it\'s over (over)\r\nIf the high was worth the pain\r\nGot a long list of ex-lovers\r\nThey\'ll tell you I\'m insane (I\'m insane)\r\n\'Cause you know I love the players\r\nAnd you love the game\r\n\'Cause we\'re young, and we\'re reckless\r\nWe\'ll take this way too far (ooh)\r\nIt\'ll leave you breathless, mm\r\nOr with a nasty scar (leave a nasty scar)\r\nGot a long list of ex-lovers\r\nThey\'ll tell you I\'m insane\r\nBut I\'ve got a blank space, baby\r\nAnd I\'ll write your name', '4:33', 2),
(13, 'Billie Jean', 'Michael Jackson', 'She was more like a beauty queen from a movie scene\r\nI said don\'t mind, but what do you mean, I am the one\r\nWho will dance on the floor in the round?\r\nShe said I am the one, who will dance on the floor in the round\r\nShe told me her name was Billie Jean, as she caused a scene\r\nThen every head turned with eyes that dreamed of being the one\r\nWho will dance on the floor in the round\r\nPeople always told me be careful of what you do\r\nAnd don\'t go around breaking young girls\' hearts\r\nAnd mother always told me be careful of who you love\r\nAnd be careful of what you do \'cause the lie becomes the truth\r\nBillie Jean is not my lover\r\nShe\'s just a girl who claims that I am the one\r\nBut the kid is not my son\r\nShe says I am the one, but the kid is not my son\r\nFor forty days and forty nights\r\nThe law was on her side\r\nBut who can stand when she\'s in demand\r\nHer schemes and plans\r\n\'Cause we danced on the floor in the round\r\nSo take my strong advice, just remember to always think twice\r\n(Do think twice, do think twice)\r\nShe told my baby we\'d danced \'til three, then she looked at me\r\nThen showed a photo my baby cried his eyes were like mine (oh, no)\r\n\'Cause we danced on the floor in the round, baby\r\nPeople always told me be careful of what you do\r\nAnd don\'t go around breaking young girls\' hearts\r\nShe came and stood right by me\r\nJust the smell of sweet perfume\r\nThis happened much too soon\r\nShe called me to her room\r\nBillie Jean is not my lover\r\nShe\'s just a girl who claims that I am the one\r\nBut the kid is not my son\r\nBillie Jean is not my lover\r\nShe\'s just a girl who claims that I am the one\r\nBut the kid is not my son\r\nShe says I am the one, but the kid is not my son\r\nShe says I am the one, but the kid is not my son\r\nBillie Jean is not my lover\r\nShe\'s just a girl who claims that I am the one\r\nBut the kid is not my son\r\nShe says I am the one, but the kid is not my son\r\nShe says I am the one\r\nYou know what you did, (she says he is my son) breaking my heart babe\r\nShe says I am the one\r\nBillie Jean is not my lover\r\nBillie Jean is not my lover\r\nBillie Jean is not my lover\r\nBillie Jean is not my lover (don\'t Billie Jean)\r\nBillie Jean is not my lover\r\nBillie Jean is not my lover', '4:56', 2),
(14, 'Rolling in the Deep', 'Adele', 'There\'s a fire starting in my heart\r\nReaching a fever pitch, it\'s bringing me out the dark\r\nFinally I can see you crystal clear\r\nGo ahead and sell me out and I\'ll lay your ship bare\r\nSee how I\'ll leave with every piece of you\r\nDon\'t underestimate the things that I will do\r\nThere\'s a fire starting in my heart\r\nReaching a fever pitch and it\'s bringing me out the dark\r\nThe scars of your love remind me of us\r\nThey keep me thinking that we almost had it all\r\nThe scars of your love they leave me breathless\r\nI can\'t help feeling\r\nWe could\'ve had it all (you\'re gonna wish you)\r\n(Never had met me)\r\nRolling in the deep (tears are gonna fall)\r\n(Rolling in the deep)\r\nYou had my heart inside (you\'re gonna wish you)\r\nOf your hands (never had met me)\r\nAnd you played it (tears are gonna fall)\r\nTo the beat (rolling in the deep)\r\nBaby, I have no story to be told\r\nBut I\'ve heard one on you, now I\'m gonna make your head burn\r\nThink of me in the depths of your despair\r\nMake a home down there, as mine sure won\'t be shared\r\nThe scars of your love (never had met me)\r\nRemind me of us (tears are gonna fall)\r\nThey keep me thinking (rolling in the deep)\r\nThat we almost had it all (you\'re gonna wish you)\r\nThe scars of your love (never had met me)\r\nThey leave me breathless (tears are gonna fall)\r\nI can\'t help feeling (rolling in the deep)\r\nWe could\'ve had it all (you\'re gonna wish you)\r\n(Never had met me)\r\nRolling in the deep (tears are gonna fall)\r\n(Rolling in the deep)\r\nYou had my heart inside (you\'re gonna wish you)\r\nOf your hands (never had met me)\r\nAnd you played it (tears are gonna fall)\r\nTo the beat (rolling in the deep)\r\nWe could\'ve had it all\r\nRolling in the deep\r\nYou had my heart inside of your hand\r\nBut you played it with a beating\r\nThrow your soul through every open door (whoa)\r\nCount your blessings to find what you look for (whoa)\r\nTurn my sorrow into treasured gold (whoa)\r\nYou pay me back in kind and reap just what you\'ve sown\r\nWe could\'ve had it all (tears are gonna fall, rolling in the deep)\r\nWe could\'ve had it all (you\'re gonna wish you never had met me)\r\nIt all, it all, it all (tears are gonna fall, rolling in the deep)\r\nWe could\'ve had it all (you\'re gonna wish you)\r\n(Never had met me)\r\nRolling in the deep (tears are gonna fall)\r\n(Rolling in the deep)\r\nYou had my heart inside (you\'re gonna wish you)\r\nOf your hands (never had met me)\r\nAnd you played it (tears are gonna fall)\r\nTo the beat (rolling in the deep)\r\nCould\'ve had it all (you\'re gonna wish you)\r\n(Never had met me)\r\nRolling in the deep (tears are gonna fall)\r\n(Rolling in the deep)\r\nYou had my heart inside (you\'re gonna wish you)\r\nOf your hands (never had met me)\r\nBut you played it, you played it, you played it\r\nYou played it to the beat', '3:54', 2),
(15, 'Like a Prayer', 'Madonna', 'Life is a mystery\r\nEveryone must stand alone\r\nI hear you call my name\r\nAnd it feels like home\r\nWhen you call my name, it\'s like a little prayer\r\nI\'m down on my knees, I wanna take you there\r\nIn the midnight hour, I can feel your power\r\nJust like a prayer, you know I\'ll take you there\r\nI hear your voice\r\nIt\'s like an angel sighin\'\r\nI have no choice\r\nI hear your voice\r\nFeels like flying\r\nI close my eyes\r\nOh God I think I\'m fallin\'\r\nOut of the sky\r\nI close my eyes\r\nHeaven help me\r\nWhen you call my name, it\'s like a little prayer\r\nI\'m down on my knees, I wanna take you there\r\nIn the midnight hour, I can feel your power\r\nJust like a prayer, you know I\'ll take you there\r\nLike a child\r\nYou whisper softly to me\r\nYou\'re in control\r\nJust like a child\r\nNow I\'m dancing\r\nIt\'s like a dream\r\nNo end and no beginning\r\nYou\'re here with me\r\nIt\'s like a dream\r\nLet the choir sing\r\nWhen you call my name, it\'s like a little prayer\r\nI\'m down on my knees, I wanna take you there\r\nIn the midnight hour, I can feel your power\r\nJust like a prayer, you know I\'ll take you there\r\nWhen you call my name, it\'s like a little prayer\r\nI\'m down on my knees, I wanna take you there\r\nIn the midnight hour, I can feel a power\r\nJust like a prayer, you know I\'ll take you there\r\nLife is a mystery\r\nEveryone must stand alone\r\nI hear you call my name\r\nAnd it feels like home\r\nJust like a prayer (oh-oh), your voice can take me there (oh-oh)\r\nJust like a muse to me (oh-oh), you are a mystery (oh-oh)\r\nJust like a dream (oh-oh), you are not what you seem\r\nJust like a prayer, no choice your voice can take me there\r\nmmm mm\r\n(Just like a prayer, I\'ll take you there) I\'ll take you there\r\n(It\'s like a dream to me) whoa oh-oh-oh\r\n(Just like a prayer, I\'ll take you there) I\'ll take you there\r\n(It\'s like a dream to me) oh yeah, oh yeah yeah yeah yeah\r\n(Just like a prayer, I\'ll take you there) oh yeah yeah yee\r\n(It\'s like a dream to me) whoa oh-oh\r\nJust like a prayer, your voice can take me there (just like a prayer)\r\nJust like a muse to me, you are a mystery (your voice can take me there)\r\nJust like a dream, you are not what you seem (just like a prayer)\r\nJust like a prayer, no choice your voice can take me there\r\nJust like a prayer, your voice can take me there (just like a prayer)\r\nJust like a muse to me, you are a mystery (your voice can take me there)\r\nJust like a dream, you are not what you seem (just like a prayer)\r\nJust like a prayer, no choice your voice can take me there\r\nyour voice can take me there\r\n(Your voice can take me there) just like a prayer\r\n(Just like a prayer)\r\n(Just like a prayer)\r\n(Your voice can take me there)\r\n(Just like a prayer)\r\n(Just like a prayer)\r\n(Your voice can take me there)\r\n(Just like a prayer)', '5:38', 2),
(17, 'La cumparsita', 'Gerardo Matos Rodríguez ', 'La cumparsita - Gerardo Matos Rodríguez ', '2:39', 3),
(18, 'Por una Cabeza', 'Carlos Gardel', 'Por una cabeza, de un noble potrillo\r\nQue justo en la raya, afloja al llegar\r\nY que al regresar, parece decir\r\nNo olvides, hermano\r\nVos sabes, no hay que jugar\r\nPor una cabeza, metejón de un día\r\nDe aquella coqueta y risueña mujer\r\nQue al jurar sonriendo el amor que está mintiendo\r\nQuema en una hoguera\r\nTodo mi querer\r\nPor una cabeza, todas las locuras\r\nSu boca que besa\r\nBorra la tristeza\r\nCalma la amargura\r\nPor una cabeza\r\nSi ella me olvida\r\nQué importa perderme\r\nMil veces la vida\r\nPara qué vivir\r\nCuántos desengaños, por una cabeza\r\nYo juré mil veces no vuelvo a insistir\r\nPero si un mirar me hiere al pasar\r\nSu boca de fuego\r\nOtra vez quiero besar\r\nBasta de carreras, se acabo la timba\r\nUn final reñido ya no vuelvo a ver\r\nPero si algún pingo llega a ser fija el domingo\r\nYo me juego entero\r\nQué le voy a hacer\r\nPor una cabeza, todas las locuras\r\nSu boca que besa\r\nBorra la tristeza\r\nCalma la amargura\r\nPor una cabeza\r\nSi ella me olvida\r\nQué importa perderme\r\nMil veces la vida\r\nPara qué vivir', '2:31', 3),
(19, 'Volver', 'Carlos Gardel', 'Yo adivino el parpadeo de las luces que a lo lejos\r\nVan marcando mi retorno\r\nSon las mismas que alumbraron con sus pálidos reflejos\r\nHondas horas de dolor\r\nY aunque no quise el regreso\r\nSiempre se vuelve al primer amor\r\nLa vieja calle donde le cobijo\r\nTuya es su vida, tuyo es su querer\r\nBajo el burlón mirar de las estrellas\r\nQue con indiferencia\r\nHoy me ven volver\r\nVolver\r\nCon la frente marchita\r\nLas nieves del tiempo platearon mi sien\r\nSentir\r\nQue es un soplo la vida\r\nQue veinte años no es nada\r\nQue febril la mirada\r\nErrante en las sombras, te busca y te nombra\r\nVivir\r\nCon el alma aferrada\r\nA un dulce recuerdo que lloro otra vez\r\nTengo miedo del encuentro con el pasado que vuelve\r\nA enfrentarse con mi vida\r\nTengo miedo de las noches que pobladas de recuerdos\r\nEncadenen mi soñar\r\nPero el viajero que huye\r\nTarde o temprano detiene su andar\r\nY aunque el olvido que todo destruye\r\nHaya matado mi vieja ilusión\r\nGuardo escondida una esperanza humilde\r\nQue es toda la fortuna de mi corazón\r\nVolver\r\nCon la frente marchita\r\nLas nieves del tiempo platearon mi sien\r\nSentir\r\nQue es un soplo la vida\r\nQue veinte años no es nada\r\nQue febril la mirada\r\nErrante en las sombras, te busca y te nombra\r\nVivir\r\nCon el alma aferrada\r\nA un dulce recuerdo que lloro otra vez', '2:52', 3),
(20, 'Libertango', 'Astor Piazzolla', 'Mi libertad me ama y todo el ser le entrego.\r\nMi libertad destranca la cárcel de mis huesos.\r\nMi libertad se ofende si soy feliz con miedo.\r\nMi libertad desnuda me hace el amor perfecto.\r\n\r\nMi libertad me insiste con lo que no me atrevo.\r\nMi libertad me quiere con lo que llevo puesto.\r\nMi libertad me absuelve si alguna vez la pierdo\r\nPor cosas de la vida que a comprender no acierto.\r\n\r\nMi libertad no cuenta los años que yo tengo,\r\nPastora inclaudicable de mis eternos sueños.\r\nMi libertad me deja y soy un pobre espectro,\r\nMi libertad me llama y en trajes de alas vuelvo.\r\n\r\nMi libertad comprende que yo me sienta preso\r\nDe los errores míos sin arrepentimiento.\r\nMi libertad quisieran el astro sin asueto\r\nY el átomo cautivo, ser libre ¡qué misterio!\r\n\r\nSer libre. ya en su vientre mi madre me decía\r\n\"ser libre no se compra ni es dádiva o favor\".\r\nYo vivo del hermoso secreto de esta orgía:\r\nSi polvo fui y al polvo iré, soy polvo de alegría\r\nY en leche de alma preño mi libertad en flor.\r\n\r\nDe niño la adoré, deseándola crecí,\r\nMi libertad, mujer de tiempo y luz,\r\nLa quiero hasta el dolor y hasta la soledad.\r\n\r\nMi libertad me sueña con mis amados muertos,\r\nMi libertad adora a los que en vida quiero.\r\nMi libertad me dice, de cuando en vez, por dentro,\r\nQue somos tan felices como deseamos serlo.\r\n\r\nMi libertad conoce al que mató y al cuervo\r\nQue ahoga y atormenta la libertad del bueno.\r\nMi libertad se infarta de hipócritas y necios,\r\nMi libertad trasnocha con santos y bohemios.\r\n\r\nMi libertad es tango de par en par abierto\r\nY es blues y es cueca y choro, danzón y romancero.\r\nMi libertad es tango, juglar de pueblo en pueblo,\r\nY es murga y sinfonía y es coro en blanco y negro\r\n\r\nMi libertad es tango que baila en diez mil puertos\r\nY es rock, malambo y salmo y es ópera y flamenco.\r\nMi libertango es libre, poeta y callejero,\r\nTan viejo como el mundo, tan simple como un credo.\r\n\r\nDe niño la adoré, deseándola crecí,\r\nMi libertad, mujer de tiempo y luz,\r\nLa quiero hasta el dolor y hasta la soledad.', '2:49', 3),
(21, 'Yira, yira', 'Carlos Gardel', 'Cuando la suerte qu\'es grela\r\nFallando y fallando\r\nTe largué parao\'\r\nCuando estés bien en la vía\r\nSin rumbo, desesperao\'\r\nCuando no tengas ni fe\r\nNi yerba de ayer\r\nSecándose al Sol\r\n\r\nCuando rajes los tamangos\r\nBuscando ese mango\r\nQue te haga morfar\r\nLa indiferencia del mundo\r\nQue es sordo y es mudo\r\nRecién sentirás\r\n\r\nVerás que todo es mentira\r\nVerás que nada es amor\r\nQue al mundo nada le importa\r\nYira, yira\r\n\r\nAunque te quiebre la vida\r\nAunque te muerda un dolor\r\nNo esperes nunca una ayuda\r\nNi una mano, ni un favor\r\n\r\nCuando estén secas las pilas\r\nDe todos los timbres\r\nQue vos apretás\r\nBuscando un pecho fraterno\r\nPara morir abrazao\'\r\nCuando te dejen tirao\'\r\nDespués de cinchar\r\nLo mismo que a mí\r\nCuando manyés que a tu lado\r\nSe prueban la ropa\r\nQue vas a dejar\r\nTe acordarás de este otario\r\nQue un día, cansado\r\nSe puso a ladrar', '2:49', 3),
(22, 'Take Five', 'Dave Brubeck Quartet', 'Won\'t you stop and take\r\nA little time out with me\r\nJust take five\r\nStop your busy day\r\nAnd take the time out\r\nTo see if I\'m alive\r\nThough I\'m going out of my way\r\nJust so I can pass by each day\r\nNot a single word do we say\r\nIt\'s a pantomime and not a play\r\nStill, I know our eyes often meet\r\nI feel tingles down to my feet\r\nWhen you smile, that\'s much too discreet\r\nSends me on my way\r\nWouldn\'t it be better\r\nNot to be so polite\r\nYou could offer a light\r\nStart a little conversation now\r\nIt\'s alright, just take five\r\nJust take five\r\nThough I\'m going out of my way\r\nJust so I can pass by each day\r\nNot a single word do we say\r\nIt\'s a pantomime and not a play\r\nStill, I know our eyes often meet\r\nI feel tingles down to my feet\r\nWhen you smile, that\'s much too discreet\r\nSends me on my way\r\nWouldn\'t it be better\r\nNot to be so polite\r\nYou could offer a light\r\nStart a little conversation now\r\nIt\'s alright, just take five\r\nJust take five', '5:21', 5),
(23, 'My Favorite Things', 'John Coltrane', 'Raindrops on roses and\r\nWhiskers on kittens\r\nBright copper kettles and\r\nWarm woolen mittens\r\nBrown paper packages\r\nTied up with strings\r\nThese are a few of\r\nMy favorite things\r\n\r\nCream colored ponies and\r\nCrisp apple strudels\r\nDoor bells and sleigh bells\r\nAnd schnitzel with noodles\r\nWild geese that fly with\r\nThe moon on their wings\r\nThese are a few of\r\nMy favorite things\r\n\r\nGirls in white dresses\r\nWith blue satin sashes\r\nSnowflakes that stay on\r\nMy nose and eyelashes\r\nSilver white winters\r\nThat melt into springs\r\nThese are a few of\r\nMy favorite things\r\n\r\nWhen the dog bites\r\nWhen the bee stings\r\nWhen i\'m feeling sad\r\nI simply remember\r\nMy favorite things\r\nAnd then i don\'t feel so bad.', '2:48', 5),
(24, 'Round Midnight', 'Thelonious Monk', 'It begins to tell\r\n\'Round midnight, midnight\r\nI do pretty well, till after sundown\r\nSuppertime I\'m feelin\' sad\r\nBut it really gets bad\r\n\'Round midnight\r\nMemories always start \'round midnight\r\nHaven\'t got the heart to stand those memories\r\nWhen my heart is still with you\r\nAnd ol\' midnight knows it, too\r\nWhen a quarrel we had needs mending\r\nDoes it mean that our love is ending\r\nDarlin\' I need you, lately I find\r\nYou\'re out of my heart\r\nAnd I\'m out of my mind\r\nLet our hearts take wings\'\r\n\'Round midnight, midnight\r\nLet the angels sing\r\nFor your returning\r\nTill our love is safe and sound\r\nAnd old midnight comes around\r\nFeelin\' sad\r\nReally gets bad\r\nRound, Round, Round Midnight', '6:29', 5),
(25, 'All Blues', 'Miles Davis', 'The sea, the sky, the you and I\r\nThe sea, the sky, for you and I\r\nI\'ll know we\'re all blues\r\nAll Shades, all hues, all blues\r\nSome blues are sad\r\nBut some are glad,\r\nDark-sad or bright-gald\r\nThey\'re all blues\r\nAll shades, all hues, all blues\r\nThe color of colors\r\nThe blues are more than a color\r\nThey\'re a moan of pain\r\nA Taste of strife\r\nAnd a sad refrain\r\nA game which lif is pplayin\'\r\nBlues can be the livin\' dues\r\nWe\'re all a-payin\'\r\nYeah, Oh Lord\r\nIn a rainbow\r\nA summer day that\'s fair\r\nA parayer is prayed\r\nA lament that\'s made\r\nSome shade of blues is there;\r\nBlue heaven\'s hue,\r\nThey\'re all blues\r\nTalkin\' \'bout the sea and the sky\r\nAndi\'m talkin\' \'bout you and I\r\nThe sea, the sky\r\nFor you and I\r\nAnd I know we\'re all blues\r\nAll shades,\r\nAll hues,\r\nAll blues\r\nSea, sky, you and I\r\nSee the sky, you and I\r\nAll Blues\r\nAll shades, all hues, all blues', '11:34', 5),
(26, 'Birdland', 'Weather Report', 'America\r\nMiscellaneous\r\nWeather With You\r\nWalking \'round the room singing Stormy Weather\r\nAt Fifty Seven Mount Pleasant Street\r\nWell it\'s the same room but everything\'s different\r\nYou can fight the sleep but not the dream\r\nThings ain\'t cookin\' in my kitchen\r\nStrange affliction wash over me\r\nJulius Caesar and the Roman Empire\r\nCouldn\'t conquer the blue sky\r\nWell there\'s a small boat made of china\r\nIt\'s going nowhere on the mantlepiece\r\nWell do I lie like a loungeroom lizard\r\nOr do I sing like a bird released\r\nEverywhere you go you always take the weather with you\r\nEverywhere you go you always take the weather\r\nEverywhere you go you always take the weather with you\r\nEverywhere you go you always take the weather, the weather with you\r\nEverywhere you go you always take the weather with you\r\nEverywhere you go you always take the weather\r\nEverywhere you go you always take the weather with you\r\nEverywhere you go you always take the weather\r\nTake the weather, the weather with you\r\nEverywhere you go you always take the weather with you\r\nEverywhere you go you always take the weather\r\nEverywhere you go you always take the weather with you\r\nEverywhere you go you always take the weather\r\nTake the weather, the weather with you', '5:58', 5),
(27, 'Aquel lugar', 'Adolescent\'s Orquesta', 'Me enamoré de ti\r\nMe ilusioné y no es raro\r\nEstas cosas siempre pasan, ¡yeah!\r\nCuando rocé tus labios por primera vez\r\nCambiaste mi vida por completo\r\nContigo aprendí amar y mucho más\r\nFue demasiado, demasiado amor\r\nCuando me dijiste: \"ámame\"\r\nNo me olvidaré jamás\r\nDe todo lo que vivimos allá\r\nEn aquel lugar, amor, volverás\r\nVolverás, yo sé que volverás\r\nMe cuesta vivir sin ti\r\nSiento que tienes mi otra mitad\r\nPor qué pelear y por qué discutir\r\nTonta, te amo y si fui yo\r\nPerdóname\r\nTodo en la vida pasa, acepto: cometí un error\r\nPero uno es humano y se equivoca\r\nPerdóname, eres tú mi realidad\r\nFue demasiado, demasiado amor\r\nCuando me dijiste \"ámame\"\r\nNo me olvidaré jamás\r\nDe todo lo que vivimos allá\r\nEn aquel lugar, amor, volverás\r\nVolverás yo sé que volverás\r\nMe cuesta vivir sin ti\r\nSiento que tienes mi otra mitad\r\nPor qué pelear y por qué discutir\r\nTonta, te amo y si fui yo\r\n¡Perdóname!\r\nTe amo, Adolescentes\r\nNo me olvidaré\r\nY es que no puedo (jamás)\r\nFueron tantas cosas, contigo aprendí a querer\r\nY es que, por ti, yo aprendí a luchar\r\n(No me olvidaré)\r\nNo lo olvidaré (jamás)\r\nY no es raro que discutamos\r\nEs normal por eso\r\nMe cuesta vivir sin ti\r\nSiento que tienes mi otra mitad\r\nPor qué pelear y por qué discutir\r\nTonta, te amo y si fui yo\r\nPerdóname', '3:55', 6),
(28, 'Vivir mi vida', 'Marc Anthony', 'Voy a reír, voy a bailar\r\nVivir mi vida, la la la la\r\nVoy a reír, voy a gozar\r\nVivir mi vida, la la la la\r\nVoy a reír (¡eso!), voy a bailar\r\nVivir mi vida, la la la la\r\nVoy a reír, voy a gozar\r\nVivir mi vida, la la la la\r\nA veces llega la lluvia\r\nPara limpiar las heridas\r\nA veces solo una gota\r\nPuede vencer la sequía\r\nY para qué llorar, pa\' qué\r\nSi duele una pena, se olvida\r\nY para qué sufrir, pa\' qué\r\nSi así es la vida, hay que vivirla, la la la\r\nVoy a reír, voy a bailar\r\nVivir mi vida, la la la la\r\nVoy a reír, voy a gozar\r\nVivir mi vida, la la la la\r\n¡Eso!\r\nVoy a vivir el momento\r\nPara entender el destino\r\nVoy a escuchar en silencio\r\nPara encontrar el camino\r\nY para qué llorar, pa\' qué\r\nSi duele una pena, se olvida\r\nY para qué sufrir, pa\' qué\r\nSi duele una pena, se olvida, la la la\r\nVoy a reír, voy a bailar\r\nVivir mi vida, la la la la\r\nVoy a reír, voy a gozar\r\nVivir mi vida, la la la la\r\n¡Mi gente!\r\n¡Toma!\r\nVoy a reír, voy a bailar\r\nPa\' qué llorar, pa\' que sufrir\r\nEmpieza a soñar, a reír\r\nVoy a reír (¡oho!), voy a bailar\r\nSiente y baila y goza\r\nQue la vida es una sola\r\nVoy a reír, voy a bailar\r\nVive, sigue\r\nSiempre pa\' lante, no mires pa\' atrás\r\n¡Eso, mi gente!\r\nLa vida es una\r\nVoy a reír, voy a bailar\r\nVivir mi vida la la la la\r\nVoy a reír, voy a gozar\r\nVivir mi vida, la la la la', '5:27', 6),
(29, 'Pedro Navaja', 'Rubén Blades y Willie Colon', 'Evelino, ven acá\r\nPor la esquina del viejo barrio lo vi pasar\r\nCon el tumbao que tienen los guapos al caminar\r\nLas manos siempre en los bolsillos de su gabán\r\nPa\' que no sepan en cuál de ellas lleva el puñal\r\nUsa un sombrero de ala ancha, de medio lao\r\nY zapatillas, por si hay problemas salir, volao\r\nLentes oscuros pa\' que no sepan que está mirando\r\nY un diente de oro, que cuando ríe se ve brillando\r\nComo a tres cuadras de aquella esquina, una mujer\r\nVa recorriendo la acera entera por quinta vez\r\nY en un zaguán entra y se da un trago para olvidar\r\nQue el día está flojo y no hay clientes pa\' trabajar\r\nUn carro pasa muy despacito por la avenida\r\nNo tiene marcas, pero to\' saben que es policía\r\nPedro Navaja, las manos siempre dentro \'el gabán\r\nMira y sonríe, y el diente de oro vuelve a brillar\r\nMientras camina pasa la vista, de esquina a esquina\r\nNo se ve un alma, está desierta toa la avenida\r\nCuando de pronto esa mujer sale del zaguán\r\nY Pedro Navaja, aprieta un puño dentro \'el gabán\r\nMira pa\' un lado, mira pa\'l otro y no ve a nadie\r\nY a la carrera, pero sin ruido, cruza la calle\r\nY mientras tanto en la otra acera, va esa mujer\r\nRefunfuñando, pues no hizo pesos con que comer\r\nMientras camina del viejo abrigo saca un revólver, esa mujer\r\nIba a guardarlo en su cartera pa\' que no estorbe\r\nUn 38, Smith & Wesson del especial\r\nQue carga encima pa\' que la libre de todo mal\r\nY Pedro Navaja, puñal en mano le fue pa\' encima\r\nEl diente de oro iba alumbrando toa la avenida, ¡hizo fácil!\r\nMientras reía, el puñal le hundía sin compasión\r\nCuando de pronto sonó un disparo como un cañón\r\nY Pedro Navaja cayó en la acera mientras veía, esa mujer\r\nQue revólver en mano y de muerte herida, a él le decía\r\n\"Yo que pensaba: hoy no es mi día, estoy salá\"\r\n\"Pero Pedro Navaja, tú estás peor, no estás en na\'\"\r\nY créanme gente, que aunque hubo ruido nadie salió\r\nNo hubo curiosos, no hubo preguntas, nadie lloró\r\nSolo un borracho con los dos muertos se tropezó\r\nCogió el revólver, el puñal, dos pesos y se marchó\r\nY tropezando se fue cantando desafinao\r\nEl coro que aquí les traje, mira el mensaje de mi canción\r\nLa vida te da sorpresas\r\nSorpresas te da la vida, ¡ay, Dios!\r\nPedro Navaja, matón de esquina\r\nQuien a hierro mata, a hierro termina\r\nValiente pescador, pa\'l anzuelo que tiraste\r\nEn vez de una sardina un tiburón enganchaste\r\nI like to live in America\r\nOcho millones de historias\r\nTiene la ciudad de Nueva York\r\nComo decía mi abuelita\r\nEl que de último ríe, se ríe mejor\r\nI like to live in America\r\nCuando lo manda el destino no lo cambia ni el más bravo\r\nSi naciste pa\' martillo, del cielo te caen los clavos\r\nEn barrio de guapos, cuidao en la acera\r\nCuidao camara\', que el que no corre, vuela\r\nComo en una novela de Kafka\r\nEl borracho dobló por el callejón\r\nEn la ciudad de Nueva York, dos personas fueron encontradas muertas\r\nEsta madrugada, los cuerpos sin vida de Pedro Barrios y Josefina Buenso', '7:54', 6),
(30, 'Aquel lugar secreto', 'Gilberto Santa Rosa', 'De alla donde nace el viento y cobran vida los sueños\r\nllegaste sin avisar\r\nabriendo de par en par\r\nlas puertas del corazon\r\nlas puertas del corazon\r\nlas puertas del corazon\r\n\r\nNo hicieron falta palabras, tampoco tontas excusas\r\napenas una mirada\r\nde tus ojos verde-gris\r\ndejo sin rumbo la noche\r\ndejo sin rumbo la noche\r\ndejo sin rumbo la noche\r\n\r\nFue en aquel lugar secreto...\r\nsobre un manto a la deriva\r\nque le dimos a la luna de que hablar\r\nFue en aquel lugar secreto...\r\nuna lluvia del desierto\r\nle dio vida\r\na la mas hermosa flor\r\n\r\nY rode como una piedra\r\ncuesta abajo en tu cintura\r\nenamorado como el rio\r\ndesbocado y sin temor\r\nen aquel lugar secreto\r\nnuestros labios en su vuelo\r\ndescubrieron...\r\na la noche el amor, el amor\r\n\r\nFue en aquel lugar secreto...\r\nsobre un manto a la deriva\r\nque le dimos a la luna de que hablar\r\nFue en aquel lugar secreto...\r\nuna lluvia del desierto\r\nle dio vida\r\na la mas hermosa flor\r\n\r\nY rode como una piedra\r\ncuesta abajo en tu cintura\r\nenamorado como el rio\r\ndesbocado y sin temor\r\n\r\nY rode como una piedra\r\ncuesta abajo en tu cintura\r\nenamorado como el rio\r\ndesbocado y sin temor\r\nen aquel lugar secreto\r\nnuestros labios en su vuelo\r\ndescubrieron...\r\na la noche el amor, el amor', '3:55', 6),
(31, 'Brujería', 'El Gran Combo de Puerto Rico', '¿Qué me habrá echao\' esa chica\r\nQue me tiene arrebatao\'?\r\nQue me tiene medio loco\r\nQue ya estoy enamorao\'\r\nQuizá serán sus ojitos\r\nO tal vez su caminao\'\r\nO quizás esas cositas\r\nQue en su casa ella me a da\'o\r\nQue tú me tienes temblando de noche y de día\r\nTú me hiciste brujería\r\nMe quieres mandar pa\' la tumba fría\r\nTú me hiciste brujería\r\nBruja, bruja, brujita\r\nTú me hiciste brujería\r\nBrrr, demonio\r\nTú me hiciste brujería\r\nMe echaste un no sé qué, en la comida\r\nTú me hiciste brujería\r\nSiento una cosa fría\r\nTú me hiciste brujería\r\nQue me va por aquí, se me sube por allá, si\r\nTú me hiciste brujería\r\nY vuelve\r\nTú me echaste brujería\r\nTú me hiciste brujería\r\nPero que anoche en la cama de una coconía\r\nTú me hiciste brujería\r\nQue ya no puedo comer, no puedo dormir\r\nTú me hiciste brujería\r\nChacha eres bruja, marigua, María\r\nTú me hiciste brujería\r\nPero que Tony Fernandez todo lo sabía\r\nTú me hiciste brujería\r\nMe tienes doblao\' echo una porquería\r\nTú me hiciste brujería\r\nBruja, bruja, pero vampira, bruja\r\nTú me hiciste brujería\r\nTú me hiciste brujería\r\nOye echa pa\'lla, chica, déjame quieto\r\nTú me hiciste brujería', '3:26', 6),
(32, 'Nunca Me Acuerdo de Olvidarte', 'Shakira', 'Me temo que sí, se trata de ti\r\nVoy a repetir el mismo error de ayer\r\nY como es natural, suele suceder\r\nQue no hay ciego peor que el que no quiere ver\r\nHeme aquí, vencida\r\nCasi convencida que intentarlo es inútil\r\nY digo yo, ¿qué pasa conmigo?\r\nMi peor castigo es que a donde vayas\r\nSabes, sabes que voy yo\r\nOh-oh-ooh-oh-oh, oh-oh-ooh-oh-oh\r\nNunca me acuerdo de olvidarte\r\nOh-oh-ooh-oh-oh, oh-oh-ooh-oh-oh\r\nNunca aprendí cómo dejarte ir\r\nMi mundo gira así, alrededor de ti\r\nSolo me acuerdo de una parte\r\nOh-oh-ooh-oh-oh, oh-oh-ooh-oh-oh\r\nQue no me acuerdo de olvidarte\r\nUuh uh\r\nY no me acuerdo de olvidarte\r\nUuh uh\r\nSalto del tren, caigo en tu red\r\nY vuelvo a pisar la piedra que pisé\r\nY mi corazón se vuelve a partir\r\nQue no hay sordo peor que el que no quiere oír\r\nEstoy aquí, vencida\r\nY casi convencida que no hay nadie más idiota\r\nAquí que yo\r\nMuero por tu boca en la boca mía\r\nY lo intento todo, todo, todo, todo y no\r\nOh-oh-ooh-oh-oh, oh-oh-ooh-oh-oh\r\nNunca me acuerdo de olvidarte\r\nOh-oh-ooh-oh-oh, oh-oh-ooh-oh-oh\r\nNunca aprendí cómo dejarte ir\r\nMi mundo gira así, alrededor de ti\r\nSolo me acuerdo de una parte\r\nOh-oh-ooh-oh-oh, oh-oh-ooh-oh-oh\r\nQue no me acuerdo de olvidarte\r\nPodría mentir, matar o morir\r\nIncluso algo mucho peor\r\nForzar el destino, perder el camino\r\nCon tal de no perder tu amor\r\nY todos me dicen que no desperdicie\r\nQue el tiempo les da la razón\r\nYa llegará el día que habrá otro en mi vida\r\nQue me quiera más y mejor\r\nOh-oh-ooh-oh-oh, oh-oh-ooh-oh-oh\r\nNunca me acuerdo de olvidarte\r\nOh-oh-ooh-oh-oh, oh-oh-ooh-oh-oh\r\nNunca aprendí cómo dejarte ir\r\nMi mundo gira así, alrededor de ti\r\nSolo me acuerdo de una parte\r\nOh-oh-ooh-oh-oh, oh-oh-ooh-oh-oh\r\nQue no me acuerdo de olvidarte\r\nMi mundo gira así, alrededor de ti\r\nSolo me acuerdo de una parte\r\nOh-oh-ooh-oh-oh, oh-oh-ooh-oh-oh\r\nQue no me acuerdo de olvidarte', '3:28', 9);
INSERT INTO `cancion` (`id_cancion`, `titulo`, `artista`, `letra`, `duracion`, `id_genero`) VALUES
(33, 'Por Lo Que Reste de Vida', 'Thalía', 'Amo que me digas que me amas\r\nQue me beses con tu boca sonrojándome hasta el alma\r\nAsomarme a tu ventana y despeinarme la costumbre\r\nVer tu amanecer como ilumina mi penumbra\r\nAmo que me robes la mirada\r\nEl café por la mañana\r\nY despertar entre tus ramas\r\nQue me mires de reojo si cometo una imprudencia\r\nQue mis gestos y mis labios sean de toda tu incumbencia\r\nDoy mi alma, doy mi cuerpo, doy mis huesos\r\nTe entrego todo, hasta las cosas que no tengo\r\nTe doy mis ojos para verme en tu mirada\r\nTe doy mi almohada, la de plumas, la que amas\r\nPor lo que reste de vida, yo me la paso contigo\r\nComiendo de tu boca el tiempo que me queda\r\nLuchando contra el mundo y contra la marea\r\nPor lo que reste de vida, yo me la paso contigo\r\nComiendo de tu boca el tiempo que me queda\r\nLuchando contra el mundo y contra la marea\r\nPor lo que reste de vida\r\nJuro que amo todas tus carencias\r\nAunque prueben mi paciencia\r\nAmo todo si es contigo\r\nAmo eso que sentí cuando te vi\r\nEntre todo lo que amo no amo nada mas que a ti\r\nDoy mi alma, doy mi cuerpo, doy mis huesos\r\nEntrego todo hasta las cosas que no tengo\r\nTe doy mis ojos para verme en tu mirada\r\nTe doy mi almohada, la de plumas, la que amas\r\nPor lo que reste de vida, yo me la paso contigo\r\nComiendo de tu boca el tiempo que me queda\r\nLuchando contra el mundo y contra la marea\r\nPor lo que reste de vida, yo me la paso contigo\r\nComiendo de tu boca el tiempo que me queda\r\nLuchando contra el mundo y contra la marea\r\nPor lo que reste de vida\r\nPor lo que reste de vida, yo me la paso contigo\r\nComiendo de tu boca el tiempo que me queda\r\nLuchando contra el mundo y contra la marea\r\nPor lo que reste de vida\r\nPor lo que reste de vida\r\nPor lo que reste de vida\r\nPor lo que reste de vida', '4:24', 9),
(35, 'Quiero Ser Tuya', 'Andrés Parra', 'Quiero confesarte\r\nQue no puedo parar de mirarte\r\nVerte reír es tan fascinante\r\nNo puedo más y tengo que hablarte\r\n\r\nVoy a decirte mi amor que tú para mi\r\nEres todo lo que un día a dios le pedí\r\nTe has vuelto como una obsesión\r\nPero es que tengo que decir\r\n\r\nQue quiero ser yo quien te robe el aliento\r\nQuiero ser yo tu primer pensamiento\r\nDarte un motivo pa\' que te enamores\r\nQuiero ser yo quien te llene de flores\r\n\r\nQuiero ser yo quien de un beso te mate\r\nLlenarte el mundo me mil chocolates\r\nDarte un poquito de amor verdadero\r\nQuiero ser yo en tu vida el primero\r\n\r\nQuiero ser yo\r\n\r\nQuiero niña que tú seas\r\nDe mi amor la compañera\r\nDe mi vida la primera\r\nY de mi cielo las estrellas\r\nSólo dame, dame una oportunidad\r\nDájme abrazarte sólo una vez más\r\n\r\nQuiero ser yo quien te robe el aliento\r\nQuiero ser yo tu primer pensamiento\r\nDarte un motivo pa\' que te enamores\r\nQuiero ser yo quien te llene de flores\r\n\r\nQuiero ser yo quien de un beso te mate\r\nLlenarte el mundo me mil chocolates\r\nDarte un poquito de amor verdadero\r\nQuiero ser yo en tu vida el primero\r\n\r\nPorque sin ti\r\nYa no tengo ni luna, ni sol, ni estrella que valga\r\nPorque sin ti\r\nPorque sin ti la vida se acaba y no vale nada\r\nPorque sin ti\r\nYo quiero que tú me mires\r\nQue este amor no se limite\r\nYo te quiero enamorar\r\n\r\nQuiero ser yo\r\n\r\nQuiero ser yo quien te robe el aliento\r\nQuiero ser yo tu primer pensamiento\r\nDarte un motivo pa\' que te enamores\r\nQuiero ser yo quien te llene de flores\r\n\r\nQuiero ser yo quien de un beso te mate\r\nLlenarte el mundo me mil chocolates\r\nDarte un poquito de amor verdadero\r\nQuiero ser yo en tu vida el primero\r\n\r\nQuiero ser yo', '3:56', 9),
(36, 'Master of Puppets', 'Metallica', 'End of passion play, crumbling away\r\nI\'m your source of self-destruction\r\nVeins that pump with fear, sucking darkest clear\r\nLeading on your death\'s construction\r\nTaste me, you will see\r\nMore is all you need\r\nDedicated to\r\nHow I\'m killing you\r\nCome crawling faster\r\nObey your master\r\nYour life burns faster\r\nObey your master, master\r\nMaster of puppets, I\'m pulling your strings\r\nTwisting your mind and smashing your dreams\r\nBlinded by me, you can\'t see a thing\r\nJust call my name, \'cause I\'ll hear you scream\r\nMaster, master\r\nJust call my name, \'cause I\'ll hear you scream\r\nMaster, master\r\nNeedlework the way, never you betray\r\nLife of death becoming clearer\r\nPain monopoly, ritual misery\r\nChop your breakfast on a mirror\r\nTaste me, you will see\r\nMore is all you need\r\nDedicated to\r\nHow I\'m killing you\r\nCome crawling faster\r\nObey your master\r\nYour life burns faster\r\nObey your master, master\r\nMaster of puppets, I\'m pulling your strings\r\nTwisting your mind and smashing your dreams\r\nBlinded by me, you can\'t see a thing\r\nJust call my name, \'cause I\'ll hear you scream\r\nMaster, master\r\nJust call my name, \'cause I\'ll hear you scream\r\nMaster, master (master)\r\nWhere\'s the dreams that I\'ve been after?\r\n(Master, master)\r\nYou promised only lies\r\n(Laughter, laughter)\r\nAll I hear or see is laughter\r\n(Laughter, laughter)\r\nLaughing at my cries\r\nFix me!\r\nHell is worth all that, natural habitat\r\nJust a rhyme without a reason\r\nNever-ending maze, drift on numbered days\r\nNow your life is out of season\r\nI will occupy\r\nI will help you die\r\nI will run through you\r\nNow I rule you too\r\nCome crawling faster\r\nObey your master\r\nYour life burns faster\r\nObey your master, master\r\nMaster of puppets, I\'m pulling your strings\r\nTwisting your mind and smashing your dreams\r\nBlinded by me, you can\'t see a thing\r\nJust call my name, \'cause I\'ll hear you scream\r\nMaster, master\r\nJust call my name, \'cause I\'ll hear you scream\r\nMaster, master', '8:10', 12),
(37, 'Fear of the Dark', 'Iron Maiden', 'I am a man who walks alone\r\nAnd when I\'m walking a dark road\r\nAt night or strolling through the park\r\nWhen the light begins to change\r\nI sometimes feel a little strange\r\nA little anxious when it\'s dark\r\nFear of the dark\r\nFear of the dark\r\nI have a constant fear that something\'s always near\r\nFear of the dark\r\nFear of the dark\r\nI have a phobia that someone\'s always there\r\nHave you run your fingers down the wall\r\nAnd have you felt your neck skin crawl\r\nWhen you\'re searching for the light?\r\nSometimes when you\'re scared to take a look\r\nAt the corner of the room\r\nYou\'ve sensed that something\'s watching you\r\nFear of the dark\r\nFear of the dark\r\nI have a constant fear that something\'s always near\r\nFear of the dark\r\nFear of the dark\r\nHave a phobia that someone\'s always there\r\nHave you ever been alone at night\r\nThought you heard footsteps behind\r\nAnd turned around and no one\'s there?\r\nAnd as you quicken up your pace\r\nYou find it hard to look again\r\nBecause you\'re sure there\'s someone there\r\nFear of the dark\r\nFear of the dark\r\nI have a constant fear that something\'s always near\r\nFear of the dark\r\nFear of the dark\r\nhave a phobia that someone\'s always there\r\nFear of the dark\r\nFear of the dark\r\nFear of the dark\r\nFear of the dark\r\nFear of the dark\r\nFear of the dark\r\nFear of the dark\r\nFear of the dark\r\nWatching horror films the night before\r\nDebating witches and folklore\r\nThe unknown troubles on your mind\r\nMaybe your mind is playing tricks\r\nYou sense and suddenly eyes fix\r\nOn dancing shadows from behind\r\nFear of the dark\r\nFear of the dark\r\nI have a constant fear that something\'s always near\r\nFear of the dark\r\nFear of the dark\r\nHave a phobia that someone\'s always there\r\nFear of the dark\r\nFear of the dark\r\nI have a constant fear that something\'s always near\r\nFear of the dark\r\nFear of the dark\r\nHave a phobia that someone\'s always there\r\nWhen I\'m walking a dark road\r\nI am a man who walks alone', '7:19', 12),
(38, 'Chop Suey!', 'System of a Down', 'Wake up (wake up)\r\nGrab a brush and put a little make-up\r\nHide the scars to fade away the shake-up (hide the scars to fade away the-)\r\nWhy\'d you leave the keys upon the table?\r\nHere you go create another fable, you wanted to\r\nGrab a brush and put a little make-up, you wanted to\r\nHide the scars to fade away the shake-up, you wanted to\r\nWhy\'d you leave the keys upon the table? You wanted to\r\nI don\'t think you trust\r\nIn my self-righteous suicide\r\nI cry when angels deserve to die\r\nWake up (wake up)\r\nGrab a brush and put a little make-up\r\nHide the scars to fade away the (hide the scars to fade away the shake-up)\r\nWhy\'d you leave the keys upon the table?\r\nHere you go create another fable, you wanted to\r\nGrab a brush and put a little make-up, you wanted to\r\nHide the scars to fade away the shake-up, you wanted to\r\nWhy\'d you leave the keys upon the table? You wanted to\r\nI don\'t think you trust\r\nIn my self-righteous suicide\r\nI cry when angels deserve to die\r\nIn my self-righteous suicide\r\nI cry when angels deserve to die\r\nFather (father)\r\nFather (father)\r\nFather (father)\r\nFather (father)\r\nFather, into your hands I commend my spirit\r\nFather, into your hands\r\nWhy have you forsaken me?\r\nIn your eyes forsaken me\r\nIn your thoughts forsaken me\r\nIn your heart forsaken me, oh\r\nTrust in my self-righteous suicide\r\nI cry when angels deserve to die\r\nIn my self-righteous suicide\r\nI cry when angels deserve to die', '3:29', 12),
(39, 'Numb', 'Linkin Park', 'I\'m tired of being what you want me to be\r\nFeeling so faithless, lost under the surface\r\nDon\'t know what you\'re expecting of me\r\nPut under the pressure of walking in your shoes\r\nEvery step that I take is another mistake to you\r\n(Caught in the undertow, just caught in the undertow)\r\nI\'ve become so numb\r\nI can\'t feel you there\r\nBecome so tired\r\nSo much more aware\r\nI\'m becoming this\r\nAll I want to do\r\nIs be more like me\r\nAnd be less like you\r\nCan\'t you see that you\'re smothering me\r\nHolding too tightly, afraid to lose control?\r\n\'Cause everything that you thought I would be\r\nHas fallen apart right in front of you\r\nEvery step that I take is another mistake to you\r\n(Caught in the undertow, just caught in the undertow)\r\nAnd every second I waste is more than I can take\r\nI\'ve become so numb\r\nI can\'t feel you there\r\nBecome so tired\r\nSo much more aware\r\nI\'m becoming this\r\nAll I want to do\r\nIs be more like me\r\nAnd be less like you\r\nAnd I know\r\nI may end up failing too\r\nBut I know\r\nYou were just like me with someone disappointed in you\r\nI\'ve become so numb\r\nI can\'t feel you there\r\nBecome so tired\r\nSo much more aware\r\nI\'m becoming this\r\nAll I want to do\r\nIs be more like me\r\nAnd be less like you\r\nI\'ve become so numb\r\nI can\'t feel you there\r\n(I\'m tired of being what you want me to be)\r\nI\'ve become so numb\r\nI can\'t feel you there\r\n(I\'m tired of being what you want me to be)', '3:08', 12),
(48, 'A las 9', 'No te va gustar', 'Cómo que tienes que irte si recién te vi llegar solo me das en un rato lo que tenés para dar ...', '2:52', 1);

-- --------------------------------------------------------

--
-- Estructura de tabla para la tabla `comentario`
--

CREATE TABLE `comentario` (
  `id_comentario` int(11) NOT NULL,
  `fecha` datetime NOT NULL,
  `descripcion` varchar(200) NOT NULL,
  `puntaje` tinyint(1) NOT NULL,
  `id_cancion` int(11) NOT NULL
) ENGINE=InnoDB DEFAULT CHARSET=utf8 COLLATE=utf8_spanish_ci COMMENT='Comentarios y puntuación de una canción';

--
-- Volcado de datos para la tabla `comentario`
--

INSERT INTO `comentario` (`id_comentario`, `fecha`, `descripcion`, `puntaje`, `id_cancion`) VALUES
(1, '0000-00-00 00:00:00', 'No me gusta esta canción', 2, 36),
(2, '2023-11-08 16:14:45', 'No me gusta esta canción', 2, 36),
(3, '2023-11-04 19:14:45', 'Me gusta esta canción', 8, 18),
(4, '2023-11-08 16:14:45', 'Me gusta esta canción', 9, 36),
(5, '2023-11-04 19:14:40', 'Belu está puntuando esta canción', 2, 29),
(6, '2023-11-04 19:14:40', 'Belu está puntuando esta canción', 2, 14),
(7, '2023-11-04 19:14:40', 'Belu está puntuando esta canción', 2, 39),
(8, '2023-11-04 19:14:40', 'Belu está puntuando esta canción', 2, 18),
(9, '2023-11-04 19:14:40', 'Belu está puntuando esta canción', 2, 22),
(10, '2023-11-04 19:14:40', 'Alguien está puntuando mal esta canción', 2, 33),
(11, '2023-11-04 19:14:40', 'Alguien está puntuando mal esta canción', 2, 36);

-- --------------------------------------------------------

--
-- Estructura de tabla para la tabla `genero`
--

CREATE TABLE `genero` (
  `id_genero` int(11) NOT NULL COMMENT 'Identificador de género musical',
  `descripcion` varchar(50) NOT NULL COMMENT 'Descripción del género musical'
) ENGINE=InnoDB DEFAULT CHARSET=utf8mb4 COLLATE=utf8mb4_general_ci COMMENT='Listado de géneros musicales';

--
-- Volcado de datos para la tabla `genero`
--

INSERT INTO `genero` (`id_genero`, `descripcion`) VALUES
(1, 'Rock & Roll'),
(2, 'Pop'),
(3, 'Tango'),
(5, 'Jazz'),
(6, 'Salsa'),
(7, 'Regueton'),
(9, 'R&B'),
(12, 'Metal'),
(42, 'Salsa');

-- --------------------------------------------------------

--
-- Estructura de tabla para la tabla `usuario`
--

CREATE TABLE `usuario` (
  `id_usuario` int(11) NOT NULL COMMENT 'Identificador de usuario',
  `username` varchar(50) NOT NULL COMMENT 'Nombre de usuario',
  `password` varchar(255) NOT NULL COMMENT 'Contraseña del usuario'
) ENGINE=InnoDB DEFAULT CHARSET=utf8mb4 COLLATE=utf8mb4_general_ci COMMENT='Registro de usuario';

--
-- Volcado de datos para la tabla `usuario`
--

INSERT INTO `usuario` (`id_usuario`, `username`, `password`) VALUES
(2, 'webadmin', '$2y$10$CFbyD26wlT.Y1KjQhnO3IumTSGVO2NB3dX6N4WzVBeOYTebyGt1ge');

--
-- Índices para tablas volcadas
--

--
-- Indices de la tabla `cancion`
--
ALTER TABLE `cancion`
  ADD PRIMARY KEY (`id_cancion`),
  ADD KEY `fk_genero` (`id_genero`);

--
-- Indices de la tabla `comentario`
--
ALTER TABLE `comentario`
  ADD PRIMARY KEY (`id_comentario`),
  ADD KEY `id_cancion` (`id_cancion`);

--
-- Indices de la tabla `genero`
--
ALTER TABLE `genero`
  ADD PRIMARY KEY (`id_genero`);

--
-- Indices de la tabla `usuario`
--
ALTER TABLE `usuario`
  ADD PRIMARY KEY (`id_usuario`);

--
-- AUTO_INCREMENT de las tablas volcadas
--

--
-- AUTO_INCREMENT de la tabla `cancion`
--
ALTER TABLE `cancion`
  MODIFY `id_cancion` int(11) NOT NULL AUTO_INCREMENT COMMENT 'Identificador de la canción', AUTO_INCREMENT=49;

--
-- AUTO_INCREMENT de la tabla `comentario`
--
ALTER TABLE `comentario`
  MODIFY `id_comentario` int(11) NOT NULL AUTO_INCREMENT, AUTO_INCREMENT=12;

--
-- AUTO_INCREMENT de la tabla `genero`
--
ALTER TABLE `genero`
  MODIFY `id_genero` int(11) NOT NULL AUTO_INCREMENT COMMENT 'Identificador de género musical', AUTO_INCREMENT=43;

--
-- AUTO_INCREMENT de la tabla `usuario`
--
ALTER TABLE `usuario`
  MODIFY `id_usuario` int(11) NOT NULL AUTO_INCREMENT COMMENT 'Identificador de usuario', AUTO_INCREMENT=3;

--
-- Restricciones para tablas volcadas
--

--
-- Filtros para la tabla `cancion`
--
ALTER TABLE `cancion`
  ADD CONSTRAINT `cancion_ibfk_1` FOREIGN KEY (`id_genero`) REFERENCES `genero` (`id_genero`) ON UPDATE CASCADE;

--
-- Filtros para la tabla `comentario`
--
ALTER TABLE `comentario`
  ADD CONSTRAINT `comentario_ibfk_1` FOREIGN KEY (`id_cancion`) REFERENCES `cancion` (`id_cancion`);
COMMIT;

/*!40101 SET CHARACTER_SET_CLIENT=@OLD_CHARACTER_SET_CLIENT */;
/*!40101 SET CHARACTER_SET_RESULTS=@OLD_CHARACTER_SET_RESULTS */;
/*!40101 SET COLLATION_CONNECTION=@OLD_COLLATION_CONNECTION */;
